Site,Site_Name,IGBP,Climate,MAP,FLUXNET_Start,FLUXNET_Stop,Years,Has_TS,Checked,Comment,Climate_class,MAP_mm_yr,Climate_source,MAP_source
AT-Neu,Neustift,GRA,,,2002,2020,19,True,,,,,,
AT-Zoe,Zoebelboden,MF,,,2014,2024,11,False,bad,not enough data,,,,
AU-ASM,Alice Springs Mulga,SAV,,,2010,2025,16,True,,,,,,
AU-Boy,Boyagin,EBF,,,2017,2025,9,True,,,,,,
AU-Cow,Caow Bay,EBF,,,2009,2025,17,True,,,Am,,FluxDataKit / EC-network metadata,
AU-Cpr,Calperum Chowilla,WSA,,,2010,2025,16,True,,AU-Cpr: We excluded data from Calperum after June 2020 due to an instrument change after which we noted much higher NEP than in previous years; 2014 removed?,,,,
AU-Ctr,Cape Tribulation,EBF,,,2010,2018,9,True,,,,,,
AU-Cum,Cumberland Plain,EBF,,,2014,2025,12,True,,,,,,
AU-DaS,Daly Uncleared,WSA,,,2007,2025,19,True,,AU-DaS: land clear on 1/11/2022,Aw,,FluxDataKit / EC-network metadata,
AU-Dry,Dry River,WSA,,,2009,2025,17,True,,,,,,
AU-GWW,Great Western Woodlands,EBF,,,2013,2025,13,True,,contact PI,BWh,,FluxDataKit / EC-network metadata,
AU-Gin,Gingin,EBF,,,2011,2025,15,True,,exclude 2016?,,,,
AU-How,Howard Springs,WSA,,,2002,2025,24,True,,,,,,
AU-Lit,Litchfield,WSA,,,2015,2025,11,True,,,,,,
AU-Rgf,Ridgefield,CVM,,,2015,2025,11,True,bad,,,,,
AU-Rob,Robson Creek,EBF,,,2013,2025,13,True,,,Cwa,,FluxDataKit / EC-network metadata,
AU-Sam,Samford,GRA,,,2010,2017,8,True,,,,,,
AU-Stp,Sturt Plains,GRA,,,2008,2025,18,True,,"AU-Stp: flux behavior changed in 2018, 2019 due to severe drought",BSh,,FluxDataKit / EC-network metadata,
AU-TTE,Ti Tree East,SAV,,,2012,2025,14,True,,,,,,
AU-Whr,Whroo,EBF,,,2011,2025,15,True,,,,,,
AU-Wom,Wombat Forest,EBF,,,2010,2025,16,True,,,,,,
AU-Wrr,Warra,EBF,,,2013,2021,9,True,bad,,,,,
AU-Ync,Yanco,GRA,,,2012,2025,14,True,,,,,,
BE-Maa,Maasmechelen,CSH,,,2016,2024,9,True,,we should have newer data,,,,
BJ-Bfg,Bellefoungou,DBF,,,2008,2017,10,True,,"not enough data, just keep temporily",,,,
BJ-Nhu,Nalohou,SAV,,,2008,2017,10,True,,,,,,
BR-Ma3,"ZF3, Colosso farm",CVM,,,2008,2018,11,False,bad,,,,,
CA-Ca2,British Columbia - Clearcut Douglas-fir stand (harvested winter 1999/2000),ENF,,,2000,2010,11,True,bad,,,,,
CA-DBB,Delta Burns Bog,WET,,,2015,2024,10,True,bad,,,,,
CA-KLP,Kinoje Lake Peatland,WET,,,2011,2020,10,True,,,,,,
CA-PB1,Polar Bear 1 - Peat Plateau,WET,,,2016,2024,9,True,bad,,,,,
CA-PB2,Polar Bear 2 - Fen,WET,,,2017,2024,8,True,bad,,,,,
CA-Qfo,"Quebec - Eastern Boreal, Mature Black Spruce",ENF,,,2003,2010,8,True,,,,,,
CA-SCC,Scotty Creek Landscape,ENF,,,2013,2024,12,True,,,,,,
CA-TP1,Ontario - Turkey Point 2002 Plantation White Pine,ENF,,,2002,2023,22,True,bad,at succession,,,,
CH-Cha,Chamau,GRA,,,2005,2024,20,False,,,,,,
CH-Oe1,Oensingen grassland,GRA,,,2002,2011,10,True,,,,,,
CH-Oe3,Oensingen extensive grassland,GRA,,,2002,2011,10,True,,,,,,
CH-Rtb,Rietholzbach,GRA,,,2009,2022,14,True,,,,,,
CL-SDF,Senda Darwin Forest,EBF,,,2014,2021,8,True,bad,,,,,
CL-SDP,Senda Darwin Peatland,WET,,,2014,2021,8,True,bad,,,,,
CN-Aro,Arou,GRA,,,2013,2024,12,True,,,,,,
CN-Ash,Ailaoshan,EBF,,,2009,2019,11,True,,,,,,
CN-BeO,Beijing Olympic Forest Park,MF,,,2012,2020,9,True,,,,,,
CN-DaW,Dangxiong wetland,WET,,,2011,2019,9,True,bad,not enough data,,,,
CN-Dan,Dangxiong,GRA,,,2011,2020,10,True,bad,not enough data,,,,
CN-Din,Dinghushan,EBF,,,2010,2020,11,True,,try to keep,,,,
CN-Dsh,Dashalong,GRA,,,2013,2024,12,True,,,,,,
CN-Du2,Duolun_grassland (D01),GRA,,,2011,2019,9,True,,,,,,
CN-Dzo,Danzhou,EBF,,,2010,2020,11,True,,,,,,
CN-Ha2,Haibei Shrubland,OSH,,,2011,2019,9,True,,,,,,
CN-HaM,Haibei Alpine Tibet site,GRA,,,2001,2014,14,True,,,,,,
CN-HaW,Haibei Wetland,WET,,,2011,2018,8,True,bad,,,,,
CN-HeM,Heihe mixed forest,DBF,,,2013,2024,12,True,,,,,,
CN-Huz,Huazhaizi,BSV,,,2015,2024,10,True,,,,,,
CN-Sdq,Sidaoqiao,OSH,,,2013,2024,12,True,,,,,,
CN-Xi2,Xilinhot grassland site (X03),GRA,,,2011,2020,10,True,,,,,,
CN-YaS,Yanchi natural shrubland,OSH,,,2011,2020,10,True,,,,,,
CN-You,Yakou,GRA,,,2015,2024,10,True,,,,,,
CN-Zha,Zhangye wetland,WET,,,2012,2024,13,True,,,,,,
CR-AqC,Aquiares Coffee-Flux,EBF,,,2009,2016,8,False,,,,,,
CZ-Lnz,Lanzhot,DBF,,,2015,2024,10,True,,,,518,,ICOS / EC station metadata
DE-GsB,Grosses Bruch,GRA,,,2015,2024,10,True,,,,,,
DE-HoH,Hohes Holz,DBF,,,2015,2024,10,True,,,,,,
DE-Lnf,Leinefelde,DBF,,,2002,2024,23,True,,,,,,
EE-Stg,Soontaga Forest Station,ENF,,,2016,2024,9,True,,,,,,
ES-Agu,Aguamarga,OSH,,,2006,2024,19,True,,,,,,
ES-Amo,Amoladeras,OSH,,,2007,2019,13,True,,,,,,
ES-Cnd,Conde,WSA,,,2014,2021,8,True,bad,,,,,
ES-Gdn,Guadiana,SAV,,,2014,2021,8,True,bad,,,,,
ES-LM1,Majadas del Tietar North,SAV,,,2014,2024,11,True,,,,,,
ES-LM2,Majadas del Tietar South,SAV,,,2014,2024,11,True,,,,,,
FI-Let,Lettosuo,ENF,,,2009,2024,16,True,bad,"harvest occurred in Feb and march, influencing fluxes significantly",Dfb,627,FluxDataKit / EC-network metadata,ICOS / EC station metadata
FI-Var,Varrio,ENF,,,2016,2024,9,True,,,Dfc,601,FluxDataKit / EC-network metadata,ICOS / EC station metadata
FR-Hes,Hesse,DBF,,,1997,2024,28,True,,,Cfb,889,FluxDataKit / EC-network metadata,ICOS / EC station metadata
FR-LBr,Le Bray,ENF,,,1998,2008,11,True,,,,,,
FR-LGt,La Guette,WET,,,2017,2024,8,True,bad,,,,,
FR-Nzn,Naizin,GRA,,,2016,2024,9,True,,,,,,
ID-JOP,Jambi Oil Palm Plantation,EBF,,,2014,2024,11,False,,,,,,
ID-PaB,Palangkaraya Drained Burnt forest,OSH,,,2004,2016,13,False,bad,,,,,
ID-PaD,Palangkaraya Drained forest,EBF,,,2001,2017,17,False,,,,,,
ID-Pag,Palangkaraya undrained forest,EBF,,,2004,2018,15,False,,,,,,
IT-Arz,Arzelle,OSH,,,2016,2024,9,True,,,,,,
IT-Cp2,Castelporziano2,MF,,,2012,2024,13,True,,,,,,
IT-Lav,Lavarone,ENF,,,2003,2020,18,True,bad,,,,,
IT-Lsn,Lison,OSH,,,2016,2024,9,True,,,,,,
IT-TrF,Torgnon-LD,DNF,,,2012,2024,13,True,bad,,,,,
JP-Api,Appi forest meteorology research site,DBF,,,2000,2022,23,True,,,,,,
JP-Fhk,Fuji Hokuroku Flux Observation Site,DNF,,,2006,2023,18,True,,,,,,
JP-Fjy,Fujiyoshida forest meteorology research site,ENF,,,2001,2021,21,True,,,,,,
JP-Fmt,Field Museum Tama Hills,MF,,,2014,2023,10,False,,,,,,
JP-Khw,Kahoku Experiment watershed,ENF,,,2000,2021,22,True,,,,,,
JP-Kzw,Karuizawa,MF,,,2001,2008,8,True,,7 full years,,,,
JP-MBF,Moshiri Birch Forest Site,DBF,,,2004,2011,8,True,,7 full years,,,,
JP-MMF,Moshiri Mixd Forest Site,MF,,,2004,2011,8,True,,7 full years (3 comparison site),,,,
JP-NsC,NILGS Nasu Research Station Chemical Fertilizer Plot,GRA,,,2004,2015,12,False,,,,,,
JP-NsM,NILGS Nasu Research Station Manure Application Plot,GRA,,,2004,2015,12,False,,,,,,
JP-SMF,Seto Mixed Forest Site,MF,,,2002,2014,13,True,,,,,,
JP-Spp,Sapporo forest meteorology research site,DBF,,,2000,2018,19,True,,,,,,
JP-Ta2,Takayama evergreen coniferous forest site,ENF,,,2005,2015,11,True,,,,,,
JP-Tak,Takayama deciduous broadleaf forest site,DBF,,,1998,2021,24,True,,,,,,
JP-Tef,CC-LaG Teshio Experimental Forest,DNF,,,2001,2023,23,True,,,,,,
JP-Tmd,Tomakomai Flux Research Site Disturbed,GRA,,,2005,2023,19,True,,,,,,
JP-Yms,Yamashiro forest meteorology research site,DBF,,,2000,2023,24,True,,,,,,
JP-Ynf,Yona-Field Tower Site,EBF,,,2013,2022,10,True,,,,,,
MY-LHP,Lambir Hills National Park,EBF,,,2009,2019,11,False,,,,,,
NL-Hrw,Haarweg,GRA,,,2001,2010,10,True,,,,,,
NL-Vkp,Veenkampen,GRA,,,2014,2024,11,True,,,,,,
NZ-ADw,Ashley Dene wet,GRA,,,2015,2022,8,True,bad,7-year,,,,
RU-Ch2,Cherski reference,WET,,,2014,2021,8,True,bad,6-year,,,,
RU-Che,Cherski,WET,,,2013,2021,9,True,bad,6-year,,,,
RU-Ege,Elgeeii forest station,DNF,,,2010,2018,9,True,,,,,,
RU-Fy2,Fyodorovskoye dry spruce stand,ENF,,,2015,2024,10,True,,,,,,
RU-SkP,Yakutsk Spasskaya Pad larch,DNF,,,2004,2014,11,True,,,,,,
SN-Dhr,Dahra,GRA,,,2010,2022,13,True,,,,,,
TH-Kog,Kog-Ma Wateshed,EBF,,,2005,2013,9,False,,6-year,,,,
TH-Mae,Mae Moh plantation,DBF,,,2005,2016,12,True,,,,,,
US-A10,ARM-NSA-Barrow,BSV,,,2011,2022,12,True,bad,,,,,
US-ALQ,Allequash Creek Site,WET,,,2015,2025,11,False,,,,,,
US-Akn,Savannah River Site,MF,,,2011,2022,12,False,,,,,,
US-Dk1,Duke Forest-open field,GRA,,,2001,2008,8,True,,double check these,,,,
US-Dk2,Duke Forest-hardwoods,DBF,,,2001,2008,8,True,,double check these,,,,
US-Dk3,Duke Forest - loblolly pine,ENF,,,2001,2008,8,True,,double check these,,,,
US-EML,"Eight Mile Lake Permafrost thaw gradient, Healy Alaska.",OSH,,,2008,2023,16,True,,,,,,
US-Elm,Everglades (long hydroperiod marsh),WET,,,2008,2024,17,True,,double check these,,,,
US-Esm,Everglades (short hydroperiod marsh),WET,,,2008,2024,17,True,,double check these,,,,
US-Fo1,Flux Observations of Carbon from an Airborne Laboratory (FOCAL) Campaign Site 1,WET,,,2013,2024,12,True,bad,,,,,
US-HBK,Hubbard Brook Experimental Forest,DBF,,,2016,2024,9,False,,,,,,
US-Jo1,Jornada Experimental Range Bajada Site,OSH,,,2010,2022,13,True,,,,,,
US-KFS,Kansas Field Station,GRA,,,2007,2019,13,True,,is this too bad data,,,,
US-LA2,Salvador WMA Freshwater Marsh,WET,,,2011,2023,13,True,bad,,,,,
US-Me6,Metolius Young Pine Burn,ENF,,,2010,2025,16,True,bad,,,,,
US-Mpj,Mountainair Pinyon-Juniper Woodland,WSA,,,2008,2025,18,False,,,,,,
US-NC1,NC_Clearcut,ENF,,,2005,2012,8,True,bad,,,,,
US-NC3,NC_Clearcut#3,ENF,,,2013,2021,9,True,bad,,,,,
US-NGB,NGEE Arctic Barrow,SNO,,,2012,2023,12,True,,,,,,
US-OWC,Old Woman Creek,WET,,,2015,2025,11,True,bad,,,,,
US-Prr,Poker Flat Research Range Black Spruce Forest,ENF,,,2010,2022,13,True,,,,,,
US-Rpf,Poker Flat Research Range: Succession from fire scar to deciduous forest,DBF,,,2008,2024,17,True,bad,,,,,
US-Rwf,RCEW Upper Sheep Prescibed Fire,CSH,,,2014,2023,10,True,,it has prescribed fire,,,,
US-SP1,Slashpine-Austin Cary- 65yrs nat regen,ENF,,,2000,2020,21,True,bad,,,,,
US-Seg,Sevilleta grassland,GRA,,,2007,2025,19,False,,,,,,
US-Ses,Sevilleta shrubland,OSH,,,2007,2025,19,False,,,,,,
US-TKs,Toolik Shrub Tundra,CSH,,,2018,2025,8,True,,,,,,
US-Tw4,Twitchell East End Wetland,WET,,,2013,2024,12,True,bad,,,,,
US-UMd,UMBS Disturbance,DBF,,,2007,2025,19,True,bad,,,,,
US-UiD,University of Illinois Restored Native Prairie,GRA,,,2008,2024,17,True,,,,,,
US-Vcm,Valles Caldera Mixed Conifer,ENF,,,2007,2025,19,False,,,,,,
US-Vcp,Valles Caldera Ponderosa Pine,ENF,,,2007,2025,19,False,,,,,,
US-Wjs,Willard Juniper Savannah,SAV,,,2007,2025,19,False,,,BSk,,FluxDataKit / EC-network metadata,
